Agency,Station Name,Line,Artist,Art Title,Art Date,Art Material,Art Image Link
NYCT,Clark St,2;3,Ray Ring,Clark Street Passage,1987,Terrazzo floor tile,https://new.mta.info/agency/arts-design/collection/clark-street-passage
NYCT,125 St,4;5;6,Houston Conwill,The Open Secret,1986,Bronze - polychromed,https://new.mta.info/agency/arts-design/collection/open-secret
NYCT,Astor Pl,6,Milton Glaser,Untitled,1986,Porcelain enamel murals,https://new.mta.info/agency/arts-design/collection/untitled-glaser-astor
NYCT,Kings Hwy,B;Q,Rhoda Andors,Kings Highway Hieroglyphs,1987,Porcelain Enamel Murals on Steel,https://new.mta.info/agency/arts-design/collection/Kings-Highway-Hieroglyphs
NYCT,Newkirk Av,B;Q,David Wilson,Transit Skylight,1988,Zinc-glazed Apolycarbonate skylight,https://new.mta.info/agency/arts-design/collection/transit-skylight
NYCT,137 St-City College,1,Steve Wood,Fossils,1988,Bronze,https://new.mta.info/agency/arts-design/collection/fossils
NYCT,23 St,6,Valerie Jaudon,Long Division,1988,Wrought iron railings,https://new.mta.info/agency/arts-design/collection/long-division
NYCT,50 St,C;E,Matt Mullican,Untitled,1989,Stone - Etched granite,https://new.mta.info/agency/arts-design/collection/untitled-50-st
NYCT,86 St,1,Nitza Tufi–o (in collaboration with Grosvenor Neighborhood House Student Muralists),Westside Views,1989,Ceramic Tile,https://new.mta.info/agency/arts-design/collection/westside-views
Metro-North,Tuckahoe,Harlem,Arthur Gonzalez,The Finder/The Seekers,1990,Bronze and Steel sheet;  Found objects (tin toys; etc.),https://new.mta.info/agency/arts-design/collection/the-finder-the-seekers-time-catcher
Metro-North,Fleetwood,Harlem,Arthur Gonzalez,Time Catcher,1990,Bronze - patinated and Steel sheet; Found object (tin toys; etc.),https://new.mta.info/agency/arts-design/collection/the-finder-the-seekers-time-catcher
NYCT,Grand Central-42 St,S;4;5;6;7,Dan Sinclair,Fast Track and Speedwheels,1990,Stainless steel; copper and brass,https://new.mta.info/agency/arts-design/collection/fast-track-speedwheels
NYCT,Wall St,2;3,Harry Roseman,Subway Wall,1990,Bronze - patinated,https://new.mta.info/agency/arts-design/collection/subway-wall
NYCT,104 St,J;Z,Kathleen McCarthy,Five Points of Observation,1990,Copper wire mesh and Stainless steel,https://new.mta.info/agency/arts-design/collection/five-points-of-observation
NYCT,111 St,J;Z,Kathleen McCarthy,Five Points of Observation,1990,Copper wire mesh and Stainless steel,https://new.mta.info/agency/arts-design/collection/five-points-of-observation
NYCT,Woodhaven Blvd,J;Z,Kathleen McCarthy,Five Points of Observation,1990,Copper wire mesh and Stainless steel,https://new.mta.info/agency/arts-design/collection/five-points-of-observation
NYCT,103 St,6,Nitza Tufi–o,Neo-Boriken,1990,Ceramic tile; red clay; glazes;  WonderBoard panel backing,https://new.mta.info/agency/arts-design/permanent-art/neo-boriken
Metro-North,Harlem-125 St,City Terminal Zone,Alison Saar,Hear the Lone Whistle Moan,1991,Bronze - patinated,https://new.mta.info/agency/arts-design/collection/copacetic-hear-the-lone-whistle
Metro-North,Mount Vernon West,Harlem,Martha Jackson-Jarvis,Travelin' Time,1991,Glass and Ceramic Mosaic,https://new.mta.info/agency/arts-design/collection/travelin-time
NYCT,34 St-Herald Sq,B;D;F;M;Q;N;R;W,Michele Oka Doner,Radiant Site,1991,Ceramic tiles,https://new.mta.info/agency/arts-design/collection/radiant-site
NYCT,116 St-Columbia University,1,Michelle Greene,Railrider's Throne,1991,Steel,https://new.mta.info/agency/arts-design/collection/railriders-throne
NYCT,34 St-Herald Sq,B;D;F;M;N;Q;R,Nicholas Pearson,Halo,1991,Coiled aluminum - chemically etched; Lighting Elements,https://new.mta.info/agency/arts-design/collection/halo
NYCT,42 St-Port Authority Bus Terminal,A;C;E;N;R;Q;S;1;2;3;7,Norman B Colp,The Commuter's Lament/A Close Shave,1991,Porcelain enamel on ceiling beams in passageway connecting 7th and 8th Ave. lines,https://new.mta.info/agency/arts-design/collection/commuters-lament
Metro-North,North White Plains,Harlem,Rolando Brise–o,At the Table,1991,Cast aluminum; painted,https://new.mta.info/agency/arts-design/collection/at-the-table
NYCT,Jamaica Ctr-Parsons/Archer,E;J;Z,Sam Gilliam,Jamaica Center Station Riders; Blue,1991,Aluminum - painted,https://new.mta.info/agency/arts-design/collection/jamaica-center-station-riders-blue
Metro-North,Scarsdale,Harlem,Tom Nussbaum,Travelers,1991,Cor-ten steel,https://new.mta.info/agency/arts-design/collection/workers-hartsdale
Metro-North,Hartsdale,Harlem,Tom Nussbaum,Workers,1991,Cor-ten steel,https://new.mta.info/agency/arts-design/collection/workers-hartsdale
NYCT,207 St,1,Wopo Holup,Elevated Nature I-IV,1991,Cast concrete,
NYCT,125 St,1,Wopo Holup,River to River,1991,Cast concrete,
LIRR,Bay Shore,Montauk,Brit Bunkley,Bay Shore Icons,1992,Cast concrete - Jesmonite castings,https://new.mta.info/agency/arts-design/collection/bay-shore-icons
NYCT,34 St-Herald Sq,B;D;F;M;N;R;Q,David Provan,Yab-Yum,1992,Aluminum; Steel,https://new.mta.info/agency/arts-design/collection/yab-yum
LIRR,Great Neck (relocated from LIRR Westbury in 2001),Port Washington,David Saunders,Conductor's Watch and Key Chain,1992,Aluminum,https://new.mta.info/agency/arts-design/collection/conductors-watch-and-key-chain
NYCT,Court Sq-23 St,E; M; G; 7,Frank Olt,Temple Quad Reliefs,1992,Ceramic tile;  Glass mosaic,https://new.mta.info/agency/arts-design/collection/temple-quad-reliefs
NYCT,Intervale Av,2;5,Michael Kelly Williams,El 2 and El 5,1992,Glass mosaic,https://new.mta.info/agency/arts-design/collection/el-2-and-el-5
B&T,Hugh L. Carey Tunnel,,R. M. Fischer,Brooklyn-Battery Tunnel Clock,1992,Stainless Steel and Aluminum; Lighting Elements; Clock,https://new.mta.info/agency/arts-design/collection/brooklyn-battery-tunnel-clock
LIRR,Merrick,Babylon,Alan Sonfist,The Narrative History of Merrick,1993,Ceramic - porcelain tiles,https://new.mta.info/agency/arts-design/collection/narrative-history-of-merrick-bellmore
LIRR,Bellmore,Babylon,Alan Sonfist,The Narrative History of Bellmore,1993,Ceramic - porcelain tiles,https://new.mta.info/agency/arts-design/collection/narrative-history-of-merrick-bellmore
NYCT,Westchester Sq-E Tremont Av,6,Romare Bearden,City of Glass,1993,Faceted glass,https://new.mta.info/agency/arts-design/collection/untitled-city-of-light
LIRR,Penn Station,City Terminal Zone,Andrew Leicester,Ghost Series: Corinthian Capital; Plinth; Day and Night; Mercury Man; Broken Column; Drawing of Old Pennsylvania Station,1994,Ceramic - Terra cottacarved relief,https://new.mta.info/agency/arts-design/collection/ghost-series-day-night
NYCT,Houston St,1,Deborah Brown,Platform Diving,1994,Glass Mosaic,https://new.mta.info/agency/arts-design/collection/platform-diving
NYCT,Union St,R,Emmett Wigglesworth,CommUnion,1994,Porcelain Enamel; ceramic tile,https://new.mta.info/agency/arts-design/collection/communion
NYCT,57 St-7 Av,N;Q;R,Josh Scharf,Carnegie Hall Montage,1994,Porcelain enamel; Ceramic tile with text,https://new.mta.info/agency/arts-design/collection/carnegie-hall-montage
NYCT,96 St,6,Laura Bradley,City Suite,1994,Marble and stone mosaic,https://new.mta.info/agency/arts-design/collection/city-suite
NYCT,Christopher St-Sheridan Sq,1,Lee Brozgol,The Greenwich Village Murals,1994,Ceramic tile; Glass mosaic,https://new.mta.info/agency/arts-design/collection/the-greenwich-village-murals
NYCT,50 St,1,Liliana Porter,Alice: The Way Out,1994,Ceramic mosaic,http://web.mta.info/mta/aft/permanentart/permart.html?agency=nyct&line=1&artist=1&station=11
NYCT,Cortelyou Rd,Q,Patsy Norvell,Garden Stops,1994,Sandblasted and Laminated Glass Windows; Steel Railings (stair railing & exterior fence),https://new.mta.info/agency/arts-design/collection/garden-stops
NYCT,Beverley Rd,Q,Patsy Norvell,Garden Stops,1994,Sandblasted and Laminated Glass Windows; Steel Railings (stair railing & exterior fence),https://new.mta.info/agency/arts-design/collection/garden-stops
NYCT,Prospect Park,B;Q;S,Susan Tunick,Brighton Clay Re-Leaf Nos. 1-4,1994,Ceramic mosaic,https://new.mta.info/agency/arts-design/collection/brighton-clay-re-leafs-nos-1-4
NYCT,Parkside Av,Q,Susan Tunick,Brighton Clay Re-Leaf Nos. 1-4,1994,Ceramic mosaic,https://new.mta.info/agency/arts-design/collection/brighton-clay-re-leafs-nos-1-4
LIRR,Ronkonkoma,Ronkonkoma,Alice Adams,Planting (Dedicated to Long Island Tree Farmers),1995,Paving; planting; seating; curving brick walls; and cast concrete tree balls with cast aluminum rope inserts,https://new.mta.info/agency/arts-design/collection/planting
NYCT,Grand Army Plaza,2;3,Jane Greengold,Wings for the IRT: The Irresistible Romance of Travel,1995,Ceramic tile;  Bronze,https://new.mta.info/agency/arts-design/collection/wings-for-the-irt
NYCT,135 St,2;3,Willie Birch,Harlem Timeline,1995,Glass Mosaic,https://new.mta.info/agency/arts-design/collection/harlem-timeline
NYCT,34 St-Herald Sq,N;R;Q,Christopher Janney,Reach New York; An Urban Musical Instrument,1996,Sound installation (painted steel; plastic; lighting; and computerized components),https://new.mta.info/agency/arts-design/collection/reach-new-york
NYCT,Lexington Av/59 St,4;5;6;N;R;W,Elizabeth Murray,Blooming,1996,Glass Mosaic,https://new.mta.info/agency/arts-design/collection/blooming
NYCT,125 St,2;3,Faith Ringgold,Flying Home: Harlem Heroes and Heroines (Downtown and Uptown),1996,Glass Mosaic,https://new.mta.info/agency/arts-design/collection/flying-home-harlem-heros-and-heroines
NYCT,Utica Av,A;C,Jimmy James Greene,Children's Cathedral,1996,Ceramic mosaic; Wrought iron,https://new.mta.info/agency/arts-design/collection/childrens-cathedral
NYCT,3 Av-149 St,2;5,JosŽ Ortega,Una Raza; Un Mundo; Universo (One Race; One World; One Universe),1996,Ceramic mosaic,https://new.mta.info/agency/arts-design/collection/una-raza-un-mundo-universo
NYCT,110 St,6,Manuel Vega,S‡bado en la Ciento Diez (Saturday on 110th Street),1996,Ceramic mosaic,https://new.mta.info/agency/arts-design/collection/sabado-en-la-ciento-diez
NYCT,Brooklyn Bridge-City Hall/Chambers St,J;M;4;5;6,Mark Gibian,Cable Crossing,1996,"Steel with galvinized steel cable (and some zinc plated copper swaged sleeve fittings or ""Nicopress"".)",https://new.mta.info/agency/arts-design/collection/cable-crossing
NYCT,Flatbush Av-Brooklyn College,2;5,Muriel Castanis,Flatbush Floogies,1996,Bonded Bronze; Metalized liquid - resin and fiberglass,https://new.mta.info/agency/arts-design/collection/flatbush-floogies
NYCT,Woodhaven Blvd,M;R,Pablo Tauler,In Memory of the Lost Batallion,1996,Stainless steel; iron; faceted glass,https://new.mta.info/agency/arts-design/collection/three-statues
NYCT,Roosevelt Island,F,Robert Hickman,Convex Disk at Roosevelt Island,1996,Stratified glass squares mounted on a steel armature,
Metro-North,Cortlandt,Hudson,Robert Taplin,Three Statues (A Short History of the Lower Hudson Valley),1996,Bronze - patinated Hercalloy;  Forest Green Granite,https://new.mta.info/agency/arts-design/collection/three-statues
NYCT,5 Av/59 St,N;R;Q,Ann Schaumburger,Urban Oasis,1997,Glass and ceramic mosaic,https://new.mta.info/agency/arts-design/collection/urban-oasis
NYCT,Nevins St,2;3;4;5,Anton van Dalen,Work & Nature,1997,Porcelain Enamel on Steel,https://new.mta.info/agency/arts-design/collection/work-and-nature
NYCT,33 St,6,James Garvey,Lariat Seat Loops,1997,Bronze - hand forged,https://new.mta.info/agency/arts-design/collection/lariat-seat-loops
NYCT,Cortlandt St,R,Margie Hughto,Trade; Treasure and Travel,1997,Ceramic relief tile,https://new.mta.info/agency/arts-design/collection/trade-treasure-travel
NYCT,Broadway-Lafayette St,B;D;F;M;6,Mel Chin,Signal,1997,Stainless steel;Lighting elements;ceramic tile; Electronic light controllers,https://new.mta.info/agency/arts-design/collection/signal
Metro-North,Grand Central Terminal,City Terminal Zone,Roberto Juarez,A Field of Wild Flowers,1997,Painting - Mixed media,https://new.mta.info/agency/arts-design/collection/field-of-wild-flowers
NYCT,Canal St,N;R;Q;W;J;Z;6,Bing Lee,Empress Voyage 2.22.1794,1998,Ceramic Tile;  Glass mosaic,https://new.mta.info/agency/arts-design/collection/empress-voyage-2-22-1794
NYCT,Sheepshead Bay,B;Q,Deborah Goletz,Postcards from Sheepshead Bay,1998,Ceramic Tiles,https://new.mta.info/agency/arts-design/collection/postcards-from-sheepshead-bay
Metro-North,Grand Central Terminal,City Terminal Zone,Donald Lipski,Sirshasana,1998,Glass crystals with brass fittings.Fiberglass over aluminum armature; Acrylic paint and Lighting elements,https://new.mta.info/agency/arts-design/collection/sirshasana
NYCT,34 St-Penn Station,1;2;3,Elizabeth Grajales,When the animals speak...,1998,Ceramic mosaic,https://new.mta.info/agency/arts-design/collection/when-animals-speak
Metro-North,Grand Central Terminal,City Terminal Zone,Ellen Driscoll,As Above; So Below,1998,Glass mosaic; Cast glass; Bronze; and Etched stone.,https://new.mta.info/agency/arts-design/collection/as-above-so-below
LIRR,Huntington,Port Jefferson,Joe Zucker,For My Grandfather Noye Pride; A Locomotive Engineer,1998,Faceted glass,https://new.mta.info/agency/arts-design/collection/for-my-grandfather-noye-pride-locomotive-engineer
NYCT,Chambers St/Park Pl,A;C;E;2;3,Kristin Jones & Andrew Ginzel,Oculus,1998,Stone and glass mosaic (eyes) Stone and glass mosaic (floor),https://new.mta.info/agency/arts-design/collection/oculus
NYCT,Central Park North (110 St),2;3,Maren Hassinger,Message from Malcolm,1998,Glass mosaic,https://new.mta.info/agency/arts-design/collection/message-from-malcom
NYCT,14 St-Union Sq,L;N;R;Q;4;5;6,Mary Miss,Framing Union Square,1998,Aluminum - painted;safety glass and enameled steel; mirrors,https://new.mta.info/agency/arts-design/collection/framing-union-square
NYCT,36 St,D;N;R,Owen Smith,An Underground Movement: Designers; Builders; Riders,1998,Ceramic mosaic,https://new.mta.info/agency/arts-design/collection/underground-movement-designers-builders-riders
NYCT,Cathedral Pkwy (110 St),B;C,Christopher Wynter,Migration,1999,Ceramic and Glass mosaic,https://new.mta.info/agency/arts-design/collection/migration
NYCT,Brighton Beach,B;Q,Dan George,Mermade/Dionysus and the Pirates,1999,Aluminum,https://new.mta.info/agency/arts-design/collection/mermade-dionysus-and-the-pirates
NYCT,Woodside-61 St,7,Dimitri Gerakaris,Woodside Continuum,1999,Wrought iron and stainless steel railing,https://new.mta.info/agency/arts-design/collection/woodside-continuum
LIRR,Bayside,City Terminal Zone,Ed McGowin,Bayside Story,1999,Bronze,https://new.mta.info/agency/arts-design/collection/bayside-story
NYCT,Franklin Av,C;S,Eric Pryor,Life and Continued Growth,1999,Faceted Glass,https://new.mta.info/agency/arts-design/collection/life-and-continued-growth
NYCT,Flushing-Main St,7,Ik-Joong Kang,Happy World,1999,Ceramic tile,https://new.mta.info/agency/arts-design/collection/happy-world
NYCT,Park Pl,S,Isha Shabaka,Units of the Free,1999,Wrought Iron,https://new.mta.info/agency/arts-design/collection/units-of-free
NYCT,Botantic Garden/Franklin Av,S;2;3;4;5,Millie Burns,IL7/Square,1999,Wrought Iron,https://new.mta.info/agency/arts-design/collection/il7-square
NYCT,Inwood-207 St,A,Sheila Levrant de Bretteville,At the Start... At Long Last...,1999,Glass mosaic; Granite; Terrazzo; Stainless steel; Ceramic tile with text,https://new.mta.info/agency/arts-design/collection/at-the-start-at-long-last
Metro-North,Harlem-125 St,City Terminal Zone,Terry Adkins,Harlem Encore,1999,Aluminum; Lighting elements,https://new.mta.info/agency/arts-design/collection/harlem-encore
NYCT,116 St,2;3,Vincent Smith,Minton's Playhouse (uptown); The Movers and Shakers (downtown),1999,Glass mosaic,https://new.mta.info/agency/arts-design/collection/mintons-playhouse-the-movers-and-shakers
NYCT,46 St,7,Yumi Heo,Q is for Queens,1999,Faceted Glass,https://new.mta.info/agency/arts-design/collection/q-is-for-queens
NYCT,40 St,7,Yumi Heo,Q is for Queens,1999,Faceted Glass,https://new.mta.info/agency/arts-design/collection/q-is-for-queens
NYCT,33 St,7,Yumi Heo,Q is for Queens,1999,Faceted Glass,https://new.mta.info/agency/arts-design/collection/q-is-for-queens
Metro-North,Wassaic,Wassaic,Anne Huibregtse,Arrival,2000,Bronze,https://new.mta.info/agency/arts-design/collection/arrival
NYCT,Grand Central-42 St,7;4;5;6;S,Christopher Sproat,V-Beam,2000,Lighting elements; Stainless steel,https://new.mta.info/agency/arts-design/collection/v-beam
NYCT,Whitehall St,R,Frank Giorgini,Passages,2000,Ceramic tile; Wrought iron; Stone,https://new.mta.info/arts-and-design/collections/passages
NYCT,Tremont Avenue,B;D,Frank Leslie Hampton,Uptown New York,2000,Glass mosaic,https://new.mta.info/arts-and-design/collections/uptown-new-york
NYCT,Metropolitan Av/Lorimer St,G,Jackie Chang,Signs of Life,2000,Ceramic Tile; glass mosaic; Stone - absolute black granite,https://new.mta.info/agency/arts-design/collection/signs-of-life
NYCT,Grand Central-42 Street,S;4;5;6;7,Jackie Ferrara,Grand Central: Arches; Towers; Pyramids,2000,Ceramic mosaic,https://new.mta.info/agency/arts-design/collection/grand-central-arches-towers-pyramids
NYCT,81 St-Museum of Natural History,B;C,MTA Arts & Design Collaborative,For Want of a Nail,2000,Glass and ceramic mosaic; handmade ceramic relief tiles; hand-cast glass; bronze and cut granite floor tiles,https://new.mta.info/agency/arts-design/collection/for-want-of-a-nail
NYCT,Queensboro Plaza,N;W;7,Sydney Cash,Columns,2000,Glass; steel; ceramic ink,https://new.mta.info/agency/arts-design/collection/columns
NYCT,Broadway Junction,A;C;J;L;Z,Al Loving,Brooklyn; New Morning,2001,Faceted glass throughout complex; glass mosaic on upper mezzanine wall,https://new.mta.info/agency/arts-design/collection/brooklyn-new-morning
NYCT,Court Sq-23 St,E;M;G;7,Elizabeth Murray,Stream,2001,Glass mosaic,https://new.mta.info/agency/arts-design/collection/stream
NYCT,34 St-Penn Station,A;C;E,Eric Fischl,The Garden of Circus Delights,2001,Glass Mosaic,https://new.mta.info/agency/arts-design/collection/garden-of-circus-delights
NYCT,Times Sq-42 St,N;Q;R;S;1;2;3;7;A;C;E,Jacob Lawrence,New York in Transit,2001,glass mosaic,https://new.mta.info/agency/arts-design/collection/new-york-in-transit
NYCT,Church Av,2;5,Louis Delsarte,Transitions,2001,Glass mosaic,https://new.mta.info/agency/arts-design/collection/transitions
Metro-North,Mount Vernon East,New Haven,Majorie Blackwell,Tranquility,2001,Faceted glass,https://new.mta.info/agency/arts-design/collection/tranquility
NYCT,66 St-Lincoln Center,1,Nancy Spero,Artemis; Acrobats; Divas; and Dancers,2001,Glass and Ceramic Mosaic,https://new.mta.info/agency/arts-design/collection/artemis-acrobats-divas-and-dancers
NYCT,14 St-8 Av,A;C;E;L,Tom Otterness,Life Underground,2001,Bronze,https://new.mta.info/agency/arts-design/collection/life-underground
NYCT,Canal St,A;C;E,Walter Martin & Paloma Mu–oz,A Gathering,2001,Bronze sculptures on token booth; railings; and beams throughout mezzanine,https://new.mta.info/agency/arts-design/collection/a-gathering
NYCT,Lorimer St,J;M,Annette Davidek,Roundlet Series,2002,Faceted glass,https://new.mta.info/agency/arts-design/collection/roundlet-series
NYCT,Gates Av,J;Z,Chris Wade Robinson,Dream Train,2002,Faceted glass,https://new.mta.info/agency/arts-design/collection/dream-train
NYCT,161 St-Yankee Stadium,B;D;4,Helene Brandt,Room of Tranquility,2002,Glass; stone and marble mosaic,https://new.mta.info/agency/arts-design/collection/room-of-tranquility
Metro-North,Pleasantville,Harlem,Jane Greengold & Kane Chanh Do,Almost Home,2002,Bronze,https://new.mta.info/agency/arts-design/collection/almost-home
NYCT,23 St,N;R,Keith Godard,Memories of Twenty-Third Street,2002,Glass mosaic,https://new.mta.info/agency/arts-design/collection/memories-of-twenty-third-street
NYCT,Hewes St,J;M,Mara Held,El in 16 Notes,2002,Faceted glass,https://new.mta.info/agency/arts-design/collection/el-in-16-notes
NYCT,Chauncey St,J;Z,Maria Dominguez,El Views,2002,Faceted glass,https://new.mta.info/agency/arts-design/collection/el-views
NYCT,28 St,N;R,Mark Hadjipateras,City Dwellers (for Costas and Maro),2002,Glass mosaic,https://new.mta.info/agency/arts-design/collection/city-dwellers
NYCT,Times Sq-42 St,N;Q;R;W;S;1;2;3;7,Max Neuhaus,Times Square,2002,sound installation,https://new.mta.info/agency/arts-design/collection/times-square-max-neuhaus
NYCT,72 St,1;2;3,Robert Hickman,Laced Canopy,2002,Glass mosaic and glass panels,https://new.mta.info/agency/arts-design/collection/laced-canopy
NYCT,Kosciuszko St,J,Ronald Calloway,Euphorbias,2002,faceted glass,https://new.mta.info/agency/arts-design/collection/euphorbias
NYCT,Times Sq-42 St,S;N;Q;R;7;1;2;3;A;C;E,Roy Lichtenstein,Times Square Mural,2002,Porcelain enamel on steel,https://new.mta.info/agency/arts-design/collection/times-square-mural
LIRR,Hicksville,Port Jefferson,Roy Nicholson,Morning Transit ; Hempstead Plain and Evening Transit; Hempstead Plain,2002,Glass mosaic,https://new.mta.info/agency/arts-design/collection/hempstead-plain-morning-evening
NYCT,42 St-Byrant Pk,B;D;F;M;7,Samm Kunce,Under Bryant Park,2002,Glass; stone; and marble mosaic walls,https://new.mta.info/agency/arts-design/collection/under-bryant-park
NYCT,8 St-NYU,N;R; W,Timothy Snell,Broadway Diary,2002,Glass mosaic,https://new.mta.info/agency/arts-design/collection/broadway-diary
Metro-North,Harrison,New Haven,Tova Snyder,Railroads and Rooftops,2002,Faceted glass,https://new.mta.info/agency/arts-design/collection/railroads-and-rooftops
NYCT,161 St-Yankee Stadium,B;D;4,Vito Acconci (Acconci Studio in collaboration with di Domenico + Partners),Wall-Slide,2002,Steel; ceramic tile; granite; fiberglass,https://new.mta.info/agency/arts-design/collection/wall-slide
NYCT,42 St-Port Authority Bus Terminal,A;C;E,Lisa Dinhofer,Losing my Marbles,2003,Glass mosaics,https://new.mta.info/agency/arts-design/collection/losing-my-marbles
NYCT,191 St,1,Raœl Col—n,Primavera,2003,Glass mosaic and faceted glass,https://new.mta.info/agency/arts-design/collection/primavera
NYCT,125 St,4;5;6,Valerie Maynard,Polyrhythmics of Consciousness and Light,2003,Glass mosaic,https://new.mta.info/agency/arts-design/collection/polyrhythmics-of-conscious-and-light
NYCT,Lexington Av/53rd St,E;M;6,Al Held,Passing Through,2004,Glass mosaic,https://new.mta.info/agency/arts-design/collection/passing-through
NYCT,174 St,2;5,Daniel Del Valle,A Trip Up the Bronx River,2004,Faceted glass,https://new.mta.info/agency/arts-design/collection/a-trip-up-the-bronx-river
NYCT,Marcy Av,J;M;Z,Ellsworth Ausby,Space Odyssey,2004,Faceted glass,https://new.mta.info/agency/arts-design/collection/space-odyssey
NYCT,Atlantic Av-Barclays Ctr,B;D;N;Q;R;2;3;4;5,George Trakas (in collaboration with di Domenico + Partners),Hook (Archean Reach); Line (Sea House); and Sinker (Mined Swell);,2004,Polished granite; brushed steel; limestone; and Rockville granite,https://new.mta.info/agency/arts-design/collection/hook-line-sinker
NYCT,Crown Hts-Utica Av,3;4,Hugo Consuegra,Good Morning and Good Night,2004,Ceramic tile; Bronze medallions,https://new.mta.info/agency/arts-design/collection/good-morning-and-good-night
NYCT,Prince St,R; W,Janet Zweig & Edward del Rosario,Carrying On,2004,Steel; marble; and slate frieze,https://new.mta.info/agency/arts-design/collection/carrying-on
NYCT,Neptune Av,F,Michael Krondl,Looking Up,2004,Faceted glass,https://new.mta.info/agency/arts-design/collection/looking-up
NYCT,Delancey St/Essex St,F;J;M;Z,Ming Fay,Shad Crossing; Delancey Orchard,2004,Glass Mosaic,https://new.mta.info/agency/arts-design/collection/shad-crossing-delancey-orchard
NYCT,Eastern Pkwy-Brooklyn Museum,2;3,MTA Arts & Design Collaborative,New York City Architectural Artifacts from the Collection of the Brooklyn Museum,2004,Terra cotta artifacts and glass mosaic,http://web.mta.info/mta/aft/permanentart/permart.html?agency=nyct&line=3&artist=1&station=19
NYCT,West Farms Sq-E Tremont Av,2;5,Naomi Campbell,Animal Tracks,2004,faceted glass,https://new.mta.info/agency/arts-design/collection/animal-tracks
NYCT,86 St,4;5;6,Peter Sis,Happy City,2004,Glass mosaics and etched stone,https://new.mta.info/agency/arts-design/collection/happy-city
NYCT,77 St,6,Robert Kushner,4 Seasons Seasoned,2004,Glass mosaic,https://new.mta.info/agency/arts-design/collection/4-seasons-seasoned
NYCT,Coney Island-Stillwell Av,D;F;N;Q,Robert Wilson,My Coney Island Baby,2004,Glass brick wall,https://new.mta.info/agency/arts-design/collection/my-coney-island-baby
NYCT,Jackson Hts-Roosevelt Av/74 Stâ-Broadway,E;F;M;R;7,Tom Patti,Passage,2004,Glass,https://new.mta.info/agency/arts-design/collection/passage
LIRR,Greenport,Ronkonkoma,Anita Thacher,Illuminated Station,2005,Lighting and projection,https://new.mta.info/agency/arts-design/collection/illuminated-station
NYCT,Coney IslandÐStillwell Av,D; F; N; Q,Atlantic Terra Cotta Company,BMT Fa�ade on Building Entrance,2005,Terracotta,
Metro-North,Yonkers,Hudson,Barbara Segal,Mehheakantuck (The River that Flows Two Ways),2005,Cast aluminum,https://new.mta.info/agency/arts-design/collection/muhheakantuck
NYCT,Queens Plaza,E; M; R,Ellen Harvey,Look Up; Not Down,2005,Glass mosaics,https://new.mta.info/agency/arts-design/collection/look-up-not-down
NYCT,Woodlawn Av,4,Josie Gonzalez Albright,Children at Play,2005,faceted glass,https://new.mta.info/agency/arts-design/collection/children-at-play
Metro-North,Larchmont,New Haven,Joy Taylor,The Four Seasons,2005,Glass mosaic,https://new.mta.info/agency/arts-design/collection/the-four-seasons
NYCT,Fordham Rd,4,Moses Ros,Patriasana; Wholesomeland,2005,Faceted/ laminated glass,https://new.mta.info/agency/arts-design/collection/patriasana-wholesomeland
NYCT,116 St,6,Robert Blackburn,In Everything There Is A Season,2005,Glass mosaics,https://new.mta.info/agency/arts-design/collection/in-everything-there-is-a-season
LIRR,Hempstead,Hempstead,Ron Baron,Lost and Found: An Excavation Project,2005,Cast bronze,https://new.mta.info/agency/arts-design/collection/lost-and-found
NYCT,DeKalb Av,B;Q;R,Stephen Johnson,DeKalb Improvisation,2005,Glass mosaic,https://new.mta.info/agency/arts-design/collection/dekalb-improvisation
NYCT,Times Sq-42 St,1;2;3;N;Q;R;W;S,Toby Buonagurio,Times Square Times: 35 Times,2005,Glazed Ceramic; Lighting Elements,https://new.mta.info/agency/arts-design/collection/times-square-times-35-times
NYCT,W 8 St-NY Aquarium,F; Q,Vito Acconci (Acconci Studio in collaboration with Daniel Frankfurt),Wavewall,2005,Steel; ceramic tile; granite; fiberglass,https://new.mta.info/agency/arts-design/collection/wavewall
NYCT,Mt Eden Av,4,Amir Bey,The Procession of Folk #3,2006,faceted glass,https://new.mta.info/agency/arts-design/collection/the-procession-of-folk-3
NYCT,Gun Hill Rd,2;5,Andrea Arroyo,My Sun (Mi Sol); My Planet (Mi Planeta) and My City (Mi Ciudad),2006,Faceted glass in platform windscreen,https://new.mta.info/agency/arts-design/collection/my-sun-mi-sol
NYCT,Bedford Park Blvd-Lehman College,4,Andrea Dezsš,Community Garden,2006,Glass Mosaic,https://new.mta.info/agency/arts-design/collection/community-garden
NYCT,Burke Av,2;5,BŽatrice Coron,Bronx Literature,2006,Faceted glass,https://new.mta.info/agency/arts-design/collection/bronx-literature
NYCT,Myrtle-Wyckoff Avs,L;M,Cadence Giersbach,From Earth to Sky,2006,Ceramic; glass; and marble mosaic,https://new.mta.info/agency/arts-design/collection/from-earth-to-sky
NYCT,Bronx Park East,2; 5,Candida Alvarez,B is for Birds in the Bronx,2006,Faceted glass in platform windscreens,https://new.mta.info/agency/arts-design/collection/b-is-for-birds-in-the-bronx
Metro-North,Riverdale,Hudson,Dennis Oppenheim,Rising and Setting,2006,Perforated painted steel sculpture,https://new.mta.info/agency/arts-design/collection/rising-and-setting
NYCT,170 St,4,Dina Bursztyn,Views from Above,2006,Faceted glass,https://new.mta.info/agency/arts-design/collection/view-from-above
NYCT,219 St,2;5,Joseph D'Alesandro,Homage,2006,Faceted glass,https://new.mta.info/agency/arts-design/collection/homage
NYCT,176 St,4,Juan S‡nchez,Reaching Out For Each Other,2006,Faceted glass,https://new.mta.info/agency/arts-design/collection/reaching-out-for-each-other
NYCT,Allerton Av,2;5,Michele Brody,Allerton Mandalas,2006,Faceted glass,https://new.mta.info/agency/arts-design/collection/allerton-mandalas
NYCT,225 St,2;5,Nicky Enright,Universal City,2006,Faceted glass,https://new.mta.info/agency/arts-design/collection/universal-city
NYCT,Nereid Av,2;5,Noel Copeland,Leaf of Life,2006,Faceted glass,https://new.mta.info/agency/arts-design/collection/leaf-of-life
NYCT,Flushing Av,J;M,Robin Holder,Migration,2006,Laminated glass,https://new.mta.info/agency/arts-design/collection/migration-holder-flushing
NYCT,233 St,2;5,Skowmon Hastanan,A Secret Garden: There's No Place Like Home,2006,Faceted glass,https://new.mta.info/agency/arts-design/collection/a-secret-garden
NYCT,Van Siclen Av,J;Z,Barbara Ellmann,The View From Here,2007,Faceted glass,https://new.mta.info/agency/arts-design/collection/the-view-from-here
NYCT,167 St,4,Carol Sun,A Bronx Reflection,2007,Faceted glass,https://new.mta.info/agency/arts-design/collection/a-bronx-reflection
NYCT,Freeman St,2;5,Daniel Hauben,The El,2007,Faceted glass,https://new.mta.info/agency/arts-design/collection/the-el
NYCT,New Lots Av,L,Eugenie Tung,16 Windows,2007,Fused Glass,https://new.mta.info/agency/arts-design/collection/16-windows
NYCT,Kingsbridge Rd,4,Mario M. Muller,Urban Motif,2007,Laminated Glass,https://new.mta.info/agency/arts-design/collection/urban-motif
NYCT,E 105 St,L,Michael Ingui,Crescendo,2007,Laminated glass,https://new.mta.info/agency/arts-design/collection/crescendo
Metro-North,Dobbs Ferry,Hudson Line,Nancy Blum,Floating Auriculas,2007,Glass mosaic,https://new.mta.info/agency/arts-design/collection/floating-auriculas
NYCT,Livonia Av,L,Philemona Williamson,Seasons,2007,Fused Glass,https://new.mta.info/agency/arts-design/collection/seasons
NYCT,Sutter Av,L,Takayo Noda,The Habitat for the Yellow Bird,2007,Faceted Glass,https://new.mta.info/agency/arts-design/collection/the-habitat-for-the-yellow-bird
NYCT,Pelham Pkwy,2;5,Tomie Arai,Back to the Garden,2007,Faceted glass,https://new.mta.info/agency/arts-design/collection/back-to-the-garden
NYCT,Mosholu Pkwy,4,Corinne Grondahl,Metromorphosis/Birth of a Station,2008,Fused glass,https://new.mta.info/agency/arts-design/collection/metromorphosis-birth-of-a-station
NYCT,231 St,1,Felipe Galindo,Magic Realism in Kingsbridge,2008,Faceted glass,https://new.mta.info/agency/arts-design/collection/magic-realism-in-kingsbridge
NYCT,Times Sq-42 St,S;1;2;3;7;A;C;E;N;R;Q,Jane Dickson,The Revelers,2008,Glass Mosaic,https://new.mta.info/agency/arts-design/collection/revelers
LIRR,Broadway,City Terminal Zone,Jean Shin,Celadon Remnants,2008,Celadon fragments and glass mosaic on retaining walls and station building,https://new.mta.info/agency/arts-design/collection/celadon-remnants
NYCT,183 St,4,Jose Ortiz,Many Trails,2008,Laminated glass in mezzanine windows,https://new.mta.info/agency/arts-design/collection/many-trails
NYCT,Rockaway Park-Beach 116 St,A; S,KK Kozik,First on the Beach and Wednesday Night Fireworks,2008,Laminated glass,https://new.mta.info/agency/arts-design/collection/first-on-the-beach-and-wednesday-night-fireworks
NYCT,Burnside Av,4,Laura Battle,How to get to the moon...,2008,Laminated glass,https://new.mta.info/agency/arts-design/collection/how-to-get-to-the-moon
NYCT,Simpson St,2; 5,Lisa Amowitz,Urban Renewal,2008,Faceted Glass,https://new.mta.info/agency/arts-design/collection/urban-renewal
LIRR,Valley Stream Station,Babylon and Rockaway Branches,Malin Abrahamsson,On the Trail of the Rising Sun,2008,Glass and ceramic mosaic in waiting room and stair and escalator enclosures; terrazzo floor in ticket office,https://new.mta.info/agency/arts-design/collection/on-the-trail-of-the-rising-sun
NYCT,Prospect Av,2; 5,Marina Tsersarskaya,Bronx. Four Seasons,2008,Faceted glass,https://new.mta.info/agency/arts-design/collection/bronx-four-seasons
NYCT,Halsey St,J,SOL'SAX,SOL'SCRYPTT,2008,Faceted Glass,https://new.mta.info/agency/arts-design/collection/sol-scrypt
LIRR,Atlantic Terminal,City Terminal Zone,Allan & Ellen Wexler (in collaboration with di Domenico + Partners),Overlook,2009,Granite and glass,https://new.mta.info/agency/arts-design/collection/overlook
NYCT,Jay St-MetroTech,A; C; F; R,Ben Snead,Departures and Arrivals,2009,Glass and ceramic mosaic,https://new.mta.info/agency/arts-design/collection/departures-and-arrivals
LIRR,Seaford,Babylon,Carson Fox,Blue Sky Pursuit,2009,Laminated and tempered glass,https://new.mta.info/agency/arts-design/collection/blue-sky-pursuit
NYCT,South Ferry,1,Doug & Michael Starn,See it split; see it change,2009,Fused Glass; stone mosaic; stainless steel,https://new.mta.info/agency/arts-design/collection/see-it-split-see-it-change
Metro-North,Yankees-East 153rd Street,Hudson,Ellen Harvey,The Home of the Stars,2009,Glass mosaic,https://new.mta.info/agency/arts-design/collection/the-home-of-the-stars
NYCT,Jackson Av,2; 5,George Crespo,Latin American Stories,2009,Faceted Glass,https://new.mta.info/agency/arts-design/collection/latin-american-stories
Metro-North,Philipse Manor,Hudson,Joseph Cavalieri,North; South and Home,2009,Faceted Glass,https://new.mta.info/agency/arts-design/collection/north-south-and-home
NYCT,59 St-Columbus Circle,A; B; C; D; 1,Sol LeWitt,Whirls and twirls (MTA),2009,Hand-made ceramic tile; porcelain tile,https://new.mta.info/agency/arts-design/collection/whirls-and-twirls-mta
NYCT,Wakefield-241 St,2,Alfredo Ceibal,Permanent Residents and Visitors,2010,Faceted Glass,https://new.mta.info/agency/arts-design/collection/permanent-residents-and-visitors
NYCT,Whitlock Av,6,Barbara Grygutis,Bronx River View,2010,Stainless steel,https://new.mta.info/agency/arts-design/collection/bronx-river-view
NYCT,Ocean Pkwy,Q,Deborah Masters,Coney Island Reliefs,2010,Concrete,https://new.mta.info/agency/arts-design/collection/coney-island-reliefs
Metro-North,Scarborough,Hudson,Liliana Porter and Ana Tiscornia,Untitled with Sky,2010,Faceted glass; glass mosaic,https://new.mta.info/agency/arts-design/collection/untitled-with-sky
NYCT,Morrison Av-Soundview,6,Maria Cristalli & Marc Brown,The Land Between Two Waters,2010,Forged Steel,https://new.mta.info/agency/arts-design/collection/the-land-between-two-waters
NYCT,96 St,1;2;3,Masamichi Udagawa & Sigi Moeslinger,Bloemendaal,2010,Stainless Steel,https://new.mta.info/agency/arts-design/collection/bloemendaal
Metro-North,Ossining,Hudson,Robert Goodnough,KÑMÑG,2010,Faceted glass,https://new.mta.info/agency/arts-design/collection/k-m-g
NYCT,St Lawrence Av,6,Alison Mortisugu,Community (Acer rubrum; Rosa palustris; Smilax rotundifolia; Carya cordiformis);,2011,Mosaic on board,https://new.mta.info/agency/arts-design/collection/community
NYCT,86 St,R,Amy Bennett,Heydays,2011,Mosaic on board,https://new.mta.info/agency/arts-design/collection/heydays
Metro-North,Port Chester,New Haven,Bernard Greenwald,Port Chester Scenes,2011,laminated glass in 3 shelters; Stainless steel,https://new.mta.info/agency/arts-design/collection/images-of-port-chester
NYCT,Beach 105 St,A; S,Callie Hirsch,Vast,2011,Faceted glass,https://new.mta.info/agency/arts-design/collection/vast
NYCT,Beach 98 St,A;S,Duke Riley,Be Good or Be Gone,2011,Faceted glass,https://new.mta.info/agency/arts-design/collection/be-good-or-be-gone
NYCT,Beach 36 St,A,George Bates,Convergence 1&2,2011,Glass blocks,https://new.mta.info/agency/arts-design/collection/symphonic-convergence-1-2
NYCT,Beach 67 St,A,Ingo Fast,On and Off the Boardwalk,2011,laminated glass,https://new.mta.info/agency/arts-design/collection/on-and-off-the-boardwalk
NYCT,Wall St,4;5,James Garvey,Lariat Tapers,2011,Forged and polished bronze seat rests,https://new.mta.info/agency/arts-design/collection/lariat-tapers
NYCT,Avenue U,B;Q,Jason Middlebrook,Brooklyn Seeds,2011,Glass or ceramic mosaic,https://new.mta.info/agency/arts-design/collection/brooklyn-seeds
NYCT,Far Rockaway-Mott Av,A,Jason Rohlf,Respite,2011,Tempered and laminated art glass,https://new.mta.info/agency/arts-design/collection/respite
NYCT,Elder Av,6,Jean Whitesavage and Nick Lyle,Bronx Trees,2011,Forged Steel,https://new.mta.info/agency/arts-design/collection/bronx-trees
NYCT,Beach 44 St,A,Jill Parisi,Coom Barooom,2011,Glass block,https://new.mta.info/agency/arts-design/collection/coom-barooom
NYCT,E 180 St,2;5,Luisa Caldwell,Station Villa,2011,Laminated Glass and Mosaic,https://new.mta.info/agency/arts-design/collection/station-villa
NYCT,Neck Rd,Q,Mary Temple,West Wall; East Light; Morning,2011,Glass or ceramic mosaic,https://new.mta.info/agency/arts-design/collection/west-wall-east-light-morning
Metro-North,Rye,New Haven,Matt Mullican,Untitled,2011,ceramic mosaic,https://new.mta.info/agency/arts-design/collection/untitled-mullican-rye
NYCT,Beach 25 St,A,Mauricio Lopez,Past/Present/Future,2011,Faceted glass,https://new.mta.info/agency/arts-design/collection/past-present-future
NYCT,Beach 90 St,A,Michael Miller,Surf Station 90,2011,Faceted glass,https://new.mta.info/agency/arts-design/collection/surf-station-90
NYCT,Avenue M,Q,Rita MacDonald,Hare Apparent,2011,Glass or ceramic mosaic,https://new.mta.info/agency/arts-design/collection/bird-laid-bare-hare-apparent
NYCT,Avenue J,Q,Rita MacDonald,Bird Laid Bare,2011,Glass or ceramic mosaic,https://new.mta.info/agency/arts-design/collection/bird-laid-bare-hare-apparent
NYCT,Beach 60 St,A,Simon Levenson,The Beaches of New York City,2011,Glass Blocks,https://new.mta.info/agency/arts-design/collection/beaches-of-new-york-city
NYCT,Parkchester,6,William Low,A Day in Parkchester,2011,Faceted Glass,https://new.mta.info/agency/arts-design/collection/day-in-parkchester
NYCT,25 Av,D,Amy Cheng,Rediscovery,2012,Laminated glass,https://new.mta.info/agency/arts-design/collection/rediscovery
NYCT,62 St,D,Andrea Dezsš,Nature Rail,2012,Stainless steel,https://new.mta.info/agency/arts-design/collection/nature-rail
NYCT,9 Av,D,Christopher Russell,Bees for Sunset Park,2012,Bronze gates and decorative elements,https://new.mta.info/agency/arts-design/collection/bees-for-sunset-park
NYCT,50 St,D,Dan Zeller,Internal Connectivity,2012,Laminated glass,https://new.mta.info/agency/arts-design/collection/internal-connectivity
NYCT,Avenue H,Q,Ed Kopel,Brooklyn Bucolic,2012,Bronze,https://new.mta.info/agency/arts-design/collection/brooklyn-bucolic
NYCT,18 Av,D,Francesco Simeti,Bensonhurst Gardens,2012,Laminated glass,https://new.mta.info/agency/arts-design/collection/bensonhurst-gardens
Metro-North,Tarrytown,Hudson,Holly Sears,Hudson River Explorers,2012,Laminated glass,https://new.mta.info/agency/arts-design/collection/hudson-river-explorers
NYCT,71 St,D,Joan Linder,The Flora of Bensonhurst,2012,Laminated glass,https://new.mta.info/agency/arts-design/collection/flora-of-bensonhurst
Metro-North,Peekskill,Hudson,Joy Taylor,Jan Peeck's Vine,2012,Various,https://new.mta.info/agency/arts-design/collection/jan-peecks-vine
NYCT,Broadway-Lafayette St / Bleecker St,6;B;D;F;M,Leo Villareal,Hive (Bleecker Street),2012,LED tubes; custom software; electrical hardware; aluminum; stainless steel,https://new.mta.info/agency/arts-design/collection/hive-bleecker-street
NYCT,20 Av,D,Odili Donald Odita,Kaleidoscope,2012,Laminated glass,https://new.mta.info/agency/arts-design/collection/kaleidoscope
NYCT,Fort Hamilton Pkwy,D,Portia Munson,Gardens of Fort Hamilton Parkway Station,2012,Laminated Glass,https://new.mta.info/agency/arts-design/collection/gardens-of-fort-hamilton-parkway-station
NYCT,79 St,D,Susanna Starr,A Continuous Thread,2012,Laminated glass,https://new.mta.info/agency/arts-design/collection/a-continuous-thread
NYCT,Hunters Point Av,7,Tricia Keightley,Hunters Point Project,2012,Glass mosaic,https://new.mta.info/agency/arts-design/collection/hunters-point-avenue-project
NYCT,Bay Pkwy,D,Xin Song,Tree of Life,2012,Laminated glass,https://new.mta.info/agency/arts-design/collection/tree-of-life
NYCT,Smith-9th Sts,F,Alyson Shotz,Nautical Chartsâ-Gowanus & Red Hook from 1733â-1922; Fathom Points + Compass Bearings,2013,Glass mosaic and laminated glass,https://new.mta.info/arts-and-design/collection/nautical-charts
NYCT,Knickerbocker Av,M,Cal Lane,The Digs,2013,Steel,https://new.mta.info/agency/arts-design/collection/the-digs
Metro-North,Croton-Harmon,Hudson,Corinne Ulmann,Croton-Harmon Station,2013,Laminated glass in windows in south overpassMosaic;  vinyl in north overpass,https://new.mta.info/agency/arts-design/collection/croton-harmon-station
NYCT,Central Av,M,George Bates,Generation Dynamica,2013,stainless steel,https://new.mta.info/agency/arts-design/collection/generation-dynamica
NYCT,Fresh Pond Rd,M,Laura F. Gibellini,Dom (Variations),2013,Glass mosaic and photo-engraved tiles,https://new.mta.info/agency/arts-design/collection/dom-variations
NYCT,Seneca Av,M,Laura F. Gibellini,Dom (Variations),2013,Laminated glass,https://new.mta.info/agency/arts-design/collection/dom-variations
NYCT,Forest Av,M,Laura F. Gibellini,Dom (Variations),2013,Laminated Glass,https://new.mta.info/agency/arts-design/collection/dom-variations
MTA Bus Company,Mother Clara Hale Bus Depot,,Shinique Smith,Mother Hale's Garden,2013,Mosaic/Tile; Laminated glass,https://new.mta.info/agency/arts-design/collection/mother-hales-garden
NYCT,Fulton Center,A; C; J; Z; 2; 3; 4; 5,James Carpenter Design Associates; Grimshaw Architects; and Arup,Sky Reflector-Net,2014,Perforated aluminum panels and stainless steel cable,https://new.mta.info/agency/arts-design/collection/sky-reflector-net
Metro-North,Mamaroneck,New Haven,Kim Cridler,Where the Sweet Waters Fall,2014,Steel; aluminum and concrete,https://new.mta.info/agency/arts-design/collection/where-the-sweet-waters-fall
Metro-North,Pelham,New Haven,Loren Eiferman,HOME: INSIDE/OUTSIDE,2014,Steel,https://new.mta.info/agency/arts-design/collection/home-inside-outside
NYCT,Middletown Rd,6,Amanda Schachter and Alexander Levi,Cross-Bronx Waterway,2015,Stainless Steel,https://new.mta.info/agency/arts-design/collection/cross-bronx-waterway
NYCT,104 St,A,BŽatrice Coron,On the Right Track,2015,Stainless steel,https://new.mta.info/agency/arts-design/collection/on-the-right-track
NYCT,88 St,A,Haresh Lalvani,MORPHING88,2015,Stainless steel,https://new.mta.info/agency/arts-design/collection/morphings88
NYCT,Zerega Av,6,Jaime Arredondo,Garden of Earthly Delights,2015,Ceramic forms and glass mosaic,https://new.mta.info/agency/arts-design/collection/garden-of-earthly-delights
LIRR,Wyandanch Parking Garage,Ronkonkoma,Moe Brooker,Just Jazz,2015,Laminated Glass,https://new.mta.info/agency/arts-design/collection/just-jazz
LIRR,Massapequa,Babylon,Peter Drake,Waiting for Toydot,2015,Laminated glass and mosaic,https://new.mta.info/agency/arts-design/collection/waiting-for-toydot
NYCT,Castle Hill Av,6,Priscila De Carvalho,Bronx: Heart; Homeland,2015,Stainless steel,https://new.mta.info/agency/arts-design/collection/bronx-heart-homeland
NYCT,Rockaway Blvd,A,Ray King,Connections,2015,Stainless steel and glass,https://new.mta.info/agency/arts-design/collection/connections
Metro-North,North White Plains Parking Garage,Harlem,SITU Studio,Percolate,2015,Stainless Steel,https://new.mta.info/agency/arts-design/collection/percolate
NYCT,Buhre Av,6,Soonae Tark,Have a Happy Day,2015,Glass mosaic,https://new.mta.info/agency/arts-design/collection/have-a-happy-day
NYCT,34 St-Hudson Yards,7,Xenobia Bailey,Funktional Vibrations,2015,Mosaic,https://new.mta.info/agency/arts-design/collection/funktional-vibrations
NYCT,Ditmas Av,F,Cara Lynch,Inheritance: In Memory of American Glass,2016,Laminated glass,https://new.mta.info/agency/arts-design/collection/inheritance-in-memory-of-american-glass
Metro-North,Croton-Harmon,Hudson,Corinne Ulmann,Croton-Harmon Station,2016,Glass mosaic; vinyl,https://new.mta.info/agency/arts-design/collection/croton-harmon-station
Metro-North,Fordham,Harlem,Dan Funderburgh,Eureka,2016,Aluminum,https://new.mta.info/agency/arts-design/collection/eureka
NYCT,111 St,A,Linda Ganjian,Home Sweet Home,2016,Etched stainless steel,https://new.mta.info/agency/arts-design/collection/home-sweet-home
NYCT,80 St,A,Mia Pearlman,SOAR,2016,Stainless steel,https://new.mta.info/agency/arts-design/collection/soar
NYCT,Junius St,3,BŽatrice Lebreton,Paroles Vagabondes/Wisdom Along the Way,2017,Stainless steel,https://new.mta.info/agency/arts-design/collection/wisdom-along-way
NYCT,Rockaway Av,3,BŽatrice Lebreton,Paroles Vagabondes/Wisdom Along the Way,2017,Stainless steel,https://new.mta.info/agency/arts-design/collection/wisdom-along-way
NYCT,86 St,Q,Chuck Close,Subway Portraits,2017,Glass and ceramic mosaic; ceramic tile,https://new.mta.info/agency/arts-design/collection/subway-portraits
NYCT,Avenue X,F,Derek Lerner,AVEX1-6(station),2017,Laminated Glass,https://new.mta.info/agency/arts-design/collection/avex1-6-station
NYCT,Lexington Av/63 St,Q,Jean Shin,Elevated,2017,Laminated glass; glass mosaic; and ceramic tile,https://new.mta.info/agency/arts-design/collection/elevated
SIR,Arthur Kill,S,Jenna Lucente,Tottenville Sun; Tottenville Sky,2017,Laminated Glass,https://new.mta.info/agency/arts-design/collection/tottenville-sun-tottenville-sky
NYCT,Bay Ridge Av,R,Katy Fischer,Strata,2017,Mosaic and hand-glazed ceramic,https://new.mta.info/agency/arts-design/collection/strata
NYCT,53 St,R,Mickalene Thomas,Untitled,2017,Mosaic and glass,https://new.mta.info/agency/arts-design/collection/untitled-53-st
NYCT,Prospect Av,R,Monika Bravo,Duration,2017,Glass mosaic and ceramic-printed glass,https://new.mta.info/agency/arts-design/collection/duration
NYCT,Saratoga Av,3,Nancy Baker,Chandelier,2017,Painted stainless steel,https://new.mta.info/agency/arts-design/collection/chandelier-ailthanus
NYCT,Sutter Av-Rutland Rd,3,Nancy Baker,Ailanthus,2017,Painted stainless steel,https://new.mta.info/agency/arts-design/collection/chandelier-ailthanus
NYCT,96 St,Q,Sarah Sze,Blueprint for a Landscape,2017,porcelain ceramic panels,https://new.mta.info/agency/arts-design/collection/blueprint-for-landscape
NYCT,Pennsylvania Av,3,Saya Woolfalk,Urban Garden Rail,2017,Painted stainless steel,https://new.mta.info/agency/arts-design/collection/urban-garden-rail
NYCT,Van Siclen Av,3,Saya Woolfalk,Urban Garden Rail,2017,Painted stainless steel,https://new.mta.info/agency/arts-design/collection/urban-garden-rail
MTA Bus Company,Manhattanville Bus Depot,,Tomo Mori,The Wheels on the Bus,2017,Laminated glass and metal,https://new.mta.info/agency/arts-design/collection/wheels-on-bus
NYCT,72 St,Q,Vik Muniz,Perfect Strangers,2017,Glass mosaic and laminated glass,https://new.mta.info/agency/arts-design/collection/perfect-strangers
Metro-North,Harlem-125 St,City Terminal Zone,Alison Saar,copacetic,2018,Laminated glass,https://new.mta.info/agency/arts-design/collection/copacetic-hear-the-lone-whistle
NYCT,Avenue U,F,Andrea Belag,Brooklyn Transitions,2018,Laminated glass,https://new.mta.info/agency/arts-design/collection/brooklyn-transitions
NYCT,WTC Cortlandt,1,Ann Hamilton,CHORUS,2018,Marble Mosaic,https://new.mta.info/agency/arts-design/collection/chorus
LIRR,Brentwood,Ronkonkoma,Armando Mari–o,The Guardian Angel,2018,Laminated glass,https://new.mta.info/agency/arts-design/collection/guardian-angel
NYCT,Cathedral Pkwy (110 St),Port Jefferson,Christopher Wynter,Migration,2018,Glass mosaic,https://new.mta.info/agency/arts-design/collection/migration
LIRR,Bellmore,Babylon,Dan Funderburgh,SHOAL,2018,Glass Mosaic,https://new.mta.info/agency/arts-design/collection/shoal
LIRR,Port Jefferson,Port Jefferson,David McQueen,"""...the vast and endless sea""",2018,Stainless Steel,https://new.mta.info/agency/arts-design/collection/vast-endless-sea
NYCT,145 St,3,Derek Fordjour,PARADE,2018,Glass and Ceramic Mosaic,https://new.mta.info/agency/arts-design/collection/parade
NYCT,34 St-Penn Station,1;2;3,Diana Al-Hadid,The Arches of Old Penn Station; The Arc of Gradiva,2018,Glass Mosaic,https://new.mta.info/agency/arts-design/collection/arches-of-old-penn-station
NYCT,Broadway,N;W,Diane Carr,Outlook,2018,Laminated Glass,https://new.mta.info/agency/arts-design/collection/outlook
NYCT,18 Av,N,Emilio Perez,Fluxus / Rythmus,2018,Mosaic/glass,https://new.mta.info/agency/arts-design/collection/fluxus-rhythmus
SIR,Richmond Valley,SIR,Everet,A Portrayal of Life at Mill Creek,2018,Stainless,https://new.mta.info/agency/arts-design/collection/portrayal-of-life-at-mill-creek
NYCT,163 St-Amsterdam Av,C,Firelei B‡ez,Ciguapa Antellana; me llamo sueÃ±o de la madrugada (who more sci-fi than us),2018,Glass Mosaic,https://new.mta.info/agency/arts-design/collection/ciguapa-antellana-me-llamo-sueno-de-la-madrugada
Metro-North,Mount Vernon 14th Avenue Bridge,New Haven,Frances Gallardo,Line to Line,2018,Powder-coated aluminum fence panels,https://new.mta.info/agency/arts-design/collection/line-to-line
NYCT,Avenue P,F,Jackie Battenfield,Tree Canopy,2018,Laminated Glass,https://new.mta.info/agency/arts-design/collection/tree-canopy
LIRR,Merrick,Babylon,James Gulliver Hancock,Connection Cultivating Communities,2018,Ceramic mosaic and handmade ceramic tile,https://new.mta.info/agency/arts-design/collection/connection-cultivating-communities
NYCT,86 St,C;B,Joyce Kozloff,Parkside Portals,2018,Glass Mosaic and Ceramic Tile,https://new.mta.info/agency/arts-design/collection/parkside-portals
NYCT,18 Av,F,Julien Gardair,We are each others,2018,Stainless Steel,https://new.mta.info/agency/arts-design/collection/we-are-each-others
NYCT,Kings Hwy,F,Julien Gardair,We are each others,2018,Stainless Steel,https://new.mta.info/agency/arts-design/collection/we-are-each-others
NYCT,Avenue I,F,Kambui Olujimi,Where the Sky Begins,2018,Laminated Glass,https://new.mta.info/agency/arts-design/collection/where-sky-begins
NYCT,86 St,N,Karen Margolis,Cerebration,2018,Glass Mosaic,https://new.mta.info/agency/arts-design/collection/cerebration
NYCT,Bay Pkwy,F,Leslie Wayne,Neptune's Garden,2018,Laminated Glass,https://new.mta.info/agency/arts-design/collection/neptunes-garden
NYCT,Avenue N,F,Lisa Sigal,Push/Pull,2018,Laminated Glass,https://new.mta.info/agency/arts-design/collection/push-pull
LIRR,Wantagh,Babylon,Marc Dennis,Where Dreams Come to Play,2018,Laminated glass; glass mosaic,https://new.mta.info/agency/arts-design/collection/where-dreams-come-to-play
LIRR,Wyandanch,Ronkonkoma,Mary Judge,American Season,2018,Laminated glass; terrazzo floor,https://new.mta.info/agency/arts-design/collection/american-season
LIRR,Pinelawn,Ronkonkoma,Mary Judge,American Season,2018,Laminated glass,https://new.mta.info/agency/arts-design/collection/american-season
NYCT,36 Av,N;W,Maureen McQuillan,Crystal Blue Persuasion,2018,Laminated Glass,https://new.mta.info/agency/arts-design/collection/crystal-blue-persuasion
NYCT,28 St,6,Nancy Blum,ROAMING UNDERFOOT,2018,Glass Mosaic,https://new.mta.info/agency/arts-design/collection/roaming-underfoot
NYCT,167 St,B; D,Rico Gatson,Beacons,2018,Glass Mosaic,https://new.mta.info/agency/arts-design/collection/beacons
LIRR,Hicksville,Port Jefferson,Roy Nicholson,Hempstead Plain; Morning & Evening,2018,Laminated glass,https://new.mta.info/agency/arts-design/collection/hempstead-plain-morning-evening
NYCT,174-175 Sts,B; D,Roy Secord,Bronx Seasons Everchanging,2018,Glass mosaic and glazed tile,https://new.mta.info/agency/arts-design/collection/bronx-seasons-everchanging
NYCT,Avenue U,N,Sally Gil,Edges of a South Brooklyn Sky,2018,Glass mosaic,https://new.mta.info/agency/arts-design/collection/edges-of-south-brooklyn-sky
NYCT,39 Av-Dutch Kills,N; W,Sarah Morris,Hellion Equilibrium,2018,Laminated Glass,https://new.mta.info/agency/arts-design/collection/hellion-equilibrium
NYCT,30 Av,N;W,Stephen Westfall,Perasma I & II; Dappleganger,2018,Laminated Glass,https://new.mta.info/agency/arts-design/collection/perasma-dappleganger
LIRR,Stewart Manor,Hempstead,Timothy Hyunsoo Lee,Come Back Home,2018,Laminated glass,https://new.mta.info/agency/arts-design/collection/come-back-home
LIRR,Deer Park,Ronkonkoma,William Low,Deer Park Dahlias,2018,Laminated Glass,https://new.mta.info/agency/arts-design/collection/deer-park-dahlias
NYCT,23 St,F; M,William Wegman,Stationary Figures,2018,Glass Mosaic,https://new.mta.info/agency/arts-design/collection/stationary-figures
NYCT,72 St,B;C,Yoko Ono,SKY,2018,Ceramic Mosaic,https://new.mta.info/agency/arts-design/collection/sky
NYCT,57 St,F,Alex Katz,Metropolitan Faces,2019,laminated glass,https://new.mta.info/agency/arts-design/collection/metropolitan-faces
NYCT,New Utrecht Av,N,Andrea Dezsš,Nature Wall,2019,glass and ceramic mosaic,https://new.mta.info/agency/arts-design/collection/nature-wall
Metro-North,Port Chester,New Haven,Bernard Greenwald,Images of Port Chester,2019,Laminated glass in shelter windows,https://new.mta.info/agency/arts-design/collection/images-of-port-chester
NYCT,20 Av,N,David Storey,Sea City Spin,2019,Mosaic/glass,https://new.mta.info/agency/arts-design/collection/sea-city-spin
LIRR,Nostrand Avenue,City Terminal Zone,Derrick Adams,Around the Way,2019,Laminated Glass,https://new.mta.info/agency/arts-design/collection/around-the-way
NYCT,Bay Pkwy,N,Eamon Ore-Giron,People's Instinctive Travels: Homage to the Tribe,2019,Glass mosaic,https://new.mta.info/agency/arts-design/collection/peoples-instinctive-travels
NYCT,Astoria-Ditmars Blvd,N/W,Elisabeth Condon,Urban Idyll,2019,Laminated glass,https://new.mta.info/agency/arts-design/collection/urban-idyll
NYCT,Fort Hamilton Pkwy,N,Mar’a Berr’o,There is Magic Underneath It All,2019,Mosaic,https://new.mta.info/agency/arts-design/collection/there-is-magic-underneath-it-all
NYCT,5 Av/53 St,Port Jefferson,MTA Arts & Design and The Museum of Modern Art,The Subway: Design for a Modern Icon,2019,Porcelain enamel,https://new.mta.info/agency/arts-design/collection/subway-design-for-modern-icon
NYCT,8 Av,N,Olalekan Jeyifous,MADE WITH LOVE,2019,Laminated Glass,https://new.mta.info/agency/arts-design/collection/made-with-love
LIRR,Syosset,Port Jefferson,Tom Fruin,Sail,2019,Acrylic and Metal,https://new.mta.info/agency/arts-design/collection/sail
Metro-North,Crestwood,Harlem,Tricia Wright,Morning Glory; Evening Splendor; The Perennial Village,2019,Metal & Laminated Glass,https://new.mta.info/agency/arts-design/collection/morning-glory-evening-splendor
Metro-North,White Plains,Harlem,Barbara Takenaga,Forte (Quarropas); Blue Rails (White Plains),2020,Mosaic & Laminated glass,https://new.mta.info/agency/arts-design/collection/forte-quarropas-blue-rails-white-plains
LIRR,Merillon Avenue,Port Jefferson,Cara Enteles,Commuting Through Nature,2020,Laminated glass,https://new.mta.info/agency/arts-design/collection/commuting-through-nature
LIRR,Carle Place,Port Jefferson,Gail Boyajian,Aviary,2020,Laminated glass,https://new.mta.info/agency/arts-design/collection/aviary
NYCT,Grand Central-42 St,S;4;5;6;7,Jackie Ferrara,Grand Central: Arches; Towers; Pyramids,2020,Ceramic mosaic,https://new.mta.info/agency/arts-design/collection/grand-central-arches-towers-pyramids
LIRR,Jamaica,City Terminal Zone,James Little,Radiant Memories,2020,Laminated glass,https://new.mta.info/agency/arts-design/collection/radiant-memories
NYCT,Astoria Blvd,N;W,Jeffrey Gibson,I AM A RAINBOW TOO,2020,laminated glass,https://new.mta.info/agency/arts-design/collection/i-am-rainbow-too
NYCT,Grand Central-42 St,4;5;6;S,Jim Hodges,I dreamed a world and called it Love,2020,Mirrored glass,https://new.mta.info/agency/arts-design/collection/i-dreamed-a-world-and-called-it-love
Metro-North,Mount Vernon 6th Avenue Bridge,New Haven,JosuŽ Guarionex,CROSSCUT,2020,Powder-coated aluminum fence panels,https://new.mta.info/agency/arts-design/collection/crosscut
NYCT,86 St,R,Amy Bennett,Heydays,2021,Glass mosaic,https://new.mta.info/agency/arts-design/collection/heydays
NYCT,138 St-Grand Concourse,Port Jefferson,Amy Pryor,Day Into Night Into Day,2021,mosaic,https://new.mta.info/agency/arts-design/collection/day-into-night-into-day
Metro-North,Port Jervis,Port Jefferson,Armando Veve,Boat House Buggy,2021,Laminated glass,https://new.mta.info/agency/arts-design/collection/boat-house-buggy
Metro-North,Mount Vernon 3rd Avenue Bridge,New Haven,Damien Davis,Empirical Evidence,2021,Aluminum,https://new.mta.info/agency/arts-design/collection/empirical-evidence
NYCT,1 Av,L,Katherine Bradford,Queens of the Night; Superhero Responds,2021,glass mosaic,https://new.mta.info/agency/arts-design/collection/queens-of-the-night
NYCT,Bedford Av,L,Marcel Dzama,No Less Than Everything Comes Together,2021,Mosaic and printed ceramic tile,https://new.mta.info/agency/arts-design/collection/no-less-than-everything-comes-together
Metro-North,Mount Vernon 10th Avenue Bridge,New Haven,Mark Fox,40û54Õ37.9ÓN 73û50Õ33.5ÓW,2021,Powder-coated aluminum fence panels,https://new.mta.info/agency/arts-design/collection/mark-fox-mount-vernon
LIRR,New Hyde Park,Port Jefferson,Sandy Litchfield,Forestation Syncopation,2021,Laminated glass,https://new.mta.info/agency/arts-design/collection/forestation-syncopation
LIRR,Westbury,Port Jefferson,Darryl Westly,Illuminations,2022,Laminated glass; stainless steel with black paint top coat,https://new.mta.info/agency/arts-design/collection/illuminations
NYCT,Tremont Av,B;D,Frank Leslie Hampton,Uptown New York,2022,Glass mosaic,https://new.mta.info/arts-and-design/collections/uptown-new-york
LIRR,Grand Central Madison,City Terminal Zone,Kiki Smith,River Light; The Presence; The Spring; The Sound; The Water's Way,2022,Glass mosaic,https://new.mta.info/agency/arts-design/collection/river-light-presence-spring-sound-waters-way
NYCT,Times Sq-42 St,S;B;D;F;M,Nick Cave,Each One; Every One; Equal All,2022,Mosaic,https://new.mta.info/agency/arts-design/collection/each-one-every-one-equal-all
LIRR,Elmont-UBS Arena,Hempstead,Shawna X,Cyclical Everything,2022,Laminated glass; stainless steel,https://new.mta.info/agency/arts-design/collection/cyclical-everything
LIRR,Grand Central Madison,City Terminal Zone,Yayoi Kusama,A Message of Love; Directly from My Heart unto the Universe,2022,Glass mosaic,https://new.mta.info/agency/arts-design/collection/a-message-of-love-directly-from-my-heart-unto-the-universe
NYCT,181 St,1,Carmen Lizardo,Great Waves of Immigration,2023,Glass mosaic,https://new.mta.info/agency/arts-design/collection/great-waves-of-immigration
NYCT,Lorimer St,L,Chlo‘ Bass,Personal Choice #5,2023,Glass mosaic;,
NYCT,7 Av,Port Jefferson,David Rios Ferreira,Landscapes adrift-cosmically woven and earthly bonded,2023,Glass mosaic,https://new.mta.info/agency/arts-design/collection/landscapes-adrift
NYCT,34 St-Penn Station,1;2;3,Diana Al-Hadid,The Time Telling,2023,Glass mosaic,https://new.mta.info/agency/arts-design/collection/arches-of-old-penn-station
LIRR,Roosevelt Island Ventilation Structure,City Terminal Zone,Diana Cooper,Double Take,2023,Ceramic Mosiac & Steel,https://new.mta.info/agency/arts-design/collection/double-take
LIRR,Mineola,Port Jefferson,Donald Lipski,Bessie and Roxey,2023,Cast bronze; porcelain enamel plaque,https://new.mta.info/agency/arts-design/collection/bessie-and-roxey
NYCT,Grand St,L,Glendalys Medina,Gratitudes off Grand,2023,Glass mosaic,https://new.mta.info/agency/arts-design/collection/gratitudes-off-grand
NYCT,E 149 St,6,Glenn Goldberg,Bronx River,2023,Glass mosaic,https://new.mta.info/agency/arts-design/collection/bronx-river
SIR,New Dorp,City Terminal Zone,Keri Sheheen,Creeping on Where Time Has Been,2023,Laminated glass; stainless steel,https://new.mta.info/agency/arts-design/collection/creeping-on-where-time-has-been
NYCT,DeKalb Av,B;D;Q,Bill Brand,Masstransiscope,1980,Hand painted panels; Lighting,https://new.mta.info/agency/arts-design/collection/masstransiscope
NYCT,Dyckman St,1,Wopo Holup,Birds in Flight-Moon View,1991,Ceramic relief on mezzanine walls,https://new.mta.info/agency/arts-design/collection/birds-in-flight-moon-view
NYCT,Fulton St,A;C;J;Z;2;3;4;5,Frederick Dana Marsh,Marine Grill Murals; c. 1913 for the McAlpin Hotel,2000,Glazed terracotta murals and painted cast iron gates,https://new.mta.info/agency/arts-design/collection/marine-grill-murals
NYCT,Times Sq-42 St,A;C;E;N;R;S;Q;1;2;3;7,Jack Beal,The Return of Spring; The Onset of Winter,2001,Glass Mosaic,https://new.mta.info/agency/arts-design/collection/return-of-spring
NYCT,75 St,J;Z,Kathleen McCarthy,Five Points of Observation,1990,Copper wire mesh and Stainless steel,https://new.mta.info/agency/arts-design/collection/five-points-of-observation
NYCT,Cypress Hills,J;Z,Kathleen McCarthy,Five Points of Observation,1990,Copper wire mesh and Stainless steel,https://new.mta.info/agency/arts-design/collection/five-points-of-observation
NYCT,Myrtle Av,J;M;Z,Verna Hart,Jammin' Under the EL,1999,Faceted Glass,https://new.mta.info/agency/arts-design/collection/jammin-under-the-el
NYCT,Crescent St,J;Z,Jung Hyang Kim,Wheel of Bloom-Soak up the Sun,2007,Faceted glass,https://new.mta.info/agency/arts-design/collection/wheel-of-bloom-soak-up-the-sun
NYCT,Norwood Av,J Z,Margaret Lanzetta,Culture Swirl,2007,Faceted Glass,https://new.mta.info/agency/arts-design/collection/culture-swirl
NYCT,Alabama Av,J;Z,Scott Redden,Untitled,2007,Faceted glass,https://new.mta.info/agency/arts-design/collection/untitled-redden
NYCT,Woodside-61 St,7,John Cavanagh,Commuting/Community,1986,Porcelain enamel photomontage murals on steel,https://new.mta.info/agency/arts-design/collection/Commuting-Community
NYCT,Fulton St,A; C; J; Z; 2; 3; 4; 5,Nancy Holt,Astral Grating,1987,Wrought iron;  light elements,https://new.mta.info/agency/arts-design/collection/astral-grating
NYCT,5 Av/53 St,E;M,Ralph Fasanella,Subway Riders,1995,Painting - Oil,https://new.mta.info/agency/arts-design/collection/subway-riders-fasanella
NYCT,Cleveland St,J,Amy Cheng,Las Flores,2007,Faceted glass,https://new.mta.info/agency/arts-design/collection/las-flores